image_path,face_idx,category,box_x1,box_y1,box_x2,box_y2,face_area,face_brightness,image_brightness,image_blur,confidence
0--Parade/0_Parade_marchingband_1_465.jpg,0,undetected,345.0,211.0,349.0,215.0,16.0,64.375,96.65062108222713,871.9960510287644,-1.0
0--Parade/0_Parade_marchingband_1_465.jpg,1,undetected,250.0,126.0,253.0,130.0,12.0,145.75,96.65062108222713,871.9960510287644,-1.0
0--Parade/0_Parade_marchingband_1_465.jpg,2,undetected,427.0,116.0,430.0,120.0,12.0,106.75,96.65062108222713,871.9960510287644,-1.0
0--Parade/0_Parade_marchingband_1_465.jpg,3,undetected,44.0,303.0,54.0,311.0,80.0,175.25,96.65062108222713,871.9960510287644,-1.0
0--Parade/0_Parade_marchingband_1_465.jpg,4,undetected,7.0,264.0,13.0,272.0,48.0,178.8125,96.65062108222713,871.9960510287644,-1.0
0--Parade/0_Parade_marchingband_1_465.jpg,5,undetected,129.0,165.0,133.0,170.0,20.0,126.35,96.65062108222713,871.9960510287644,-1.0
0--Parade/0_Parade_marchingband_1_465.jpg,6,undetected,158.0,162.0,162.0,166.0,16.0,125.0625,96.65062108222713,871.9960510287644,-1.0
0--Parade/0_Parade_marchingband_1_465.jpg,7,undetected,174.0,156.0,179.0,162.0,30.0,147.46666666666667,96.65062108222713,871.9960510287644,-1.0
0--Parade/0_Parade_marchingband_1_465.jpg,8,undetected,242.0,179.0,247.0,185.0,30.0,174.53333333333333,96.65062108222713,871.9960510287644,-1.0
0--Parade/0_Parade_marchingband_1_465.jpg,9,undetected,0.0,317.0,3.0,325.0,24.0,168.83333333333334,96.65062108222713,871.9960510287644,-1.0
0--Parade/0_Parade_marchingband_1_465.jpg,10,undetected,120.0,599.0,132.0,616.0,204.0,136.4264705882353,96.65062108222713,871.9960510287644,-1.0
0--Parade/0_Parade_marchingband_1_465.jpg,11,undetected,1008.0,256.0,1014.0,266.0,60.0,159.26666666666668,96.65062108222713,871.9960510287644,-1.0
0--Parade/0_Parade_marchingband_1_465.jpg,12,undetected,853.0,131.0,857.0,136.0,20.0,133.95,96.65062108222713,871.9960510287644,-1.0
0--Parade/0_Parade_marchingband_1_465.jpg,13,undetected,878.0,131.0,883.0,136.0,25.0,122.68,96.65062108222713,871.9960510287644,-1.0
0--Parade/0_Parade_marchingband_1_465.jpg,14,undetected,900.0,138.0,904.0,144.0,24.0,108.41666666666667,96.65062108222713,871.9960510287644,-1.0
0--Parade/0_Parade_marchingband_1_465.jpg,15,undetected,922.0,142.0,927.0,147.0,25.0,120.68,96.65062108222713,871.9960510287644,-1.0
0--Parade/0_Parade_marchingband_1_465.jpg,16,undetected,959.0,134.0,964.0,141.0,35.0,107.97142857142858,96.65062108222713,871.9960510287644,-1.0
0--Parade/0_Parade_marchingband_1_465.jpg,17,undetected,984.0,141.0,989.0,146.0,25.0,79.52,96.65062108222713,871.9960510287644,-1.0
0--Parade/0_Parade_marchingband_1_465.jpg,18,undetected,1010.0,141.0,1014.0,147.0,24.0,96.29166666666667,96.65062108222713,871.9960510287644,-1.0
0--Parade/0_Parade_marchingband_1_465.jpg,19,undetected,877.0,168.0,884.0,177.0,63.0,144.34920634920636,96.65062108222713,871.9960510287644,-1.0
0--Parade/0_Parade_marchingband_1_465.jpg,20,undetected,963.0,190.0,968.0,197.0,35.0,152.54285714285714,96.65062108222713,871.9960510287644,-1.0
0--Parade/0_Parade_marchingband_1_465.jpg,21,undetected,982.0,194.0,987.0,201.0,35.0,146.57142857142858,96.65062108222713,871.9960510287644,-1.0
0--Parade/0_Parade_marchingband_1_465.jpg,22,undetected,798.0,133.0,802.0,137.0,16.0,136.0625,96.65062108222713,871.9960510287644,-1.0
0--Parade/0_Parade_marchingband_1_465.jpg,23,undetected,815.0,170.0,819.0,175.0,20.0,100.75,96.65062108222713,871.9960510287644,-1.0
0--Parade/0_Parade_marchingband_1_465.jpg,24,undetected,794.0,166.0,798.0,172.0,24.0,116.375,96.65062108222713,871.9960510287644,-1.0
0--Parade/0_Parade_marchingband_1_465.jpg,25,undetected,1003.0,164.0,1008.0,171.0,35.0,86.14285714285714,96.65062108222713,871.9960510287644,-1.0
0--Parade/0_Parade_marchingband_1_465.jpg,26,undetected,921.0,227.0,928.0,235.0,56.0,160.41071428571428,96.65062108222713,871.9960510287644,-1.0
0--Parade/0_Parade_marchingband_1_465.jpg,27,undetected,881.0,215.0,886.0,221.0,30.0,154.56666666666666,96.65062108222713,871.9960510287644,-1.0
0--Parade/0_Parade_marchingband_1_465.jpg,28,undetected,836.0,209.0,842.0,217.0,48.0,175.27083333333334,96.65062108222713,871.9960510287644,-1.0
0--Parade/0_Parade_marchingband_1_465.jpg,29,undetected,801.0,204.0,807.0,212.0,48.0,160.29166666666666,96.65062108222713,871.9960510287644,-1.0
0--Parade/0_Parade_marchingband_1_465.jpg,30,undetected,932.0,270.0,938.0,277.0,42.0,194.64285714285714,96.65062108222713,871.9960510287644,-1.0
0--Parade/0_Parade_marchingband_1_465.jpg,31,undetected,1002.0,295.0,1010.0,303.0,64.0,92.859375,96.65062108222713,871.9960510287644,-1.0
0--Parade/0_Parade_marchingband_1_465.jpg,32,undetected,984.0,249.0,989.0,257.0,40.0,151.725,96.65062108222713,871.9960510287644,-1.0
0--Parade/0_Parade_marchingband_1_465.jpg,33,undetected,918.0,173.0,923.0,179.0,30.0,84.06666666666666,96.65062108222713,871.9960510287644,-1.0
0--Parade/0_Parade_marchingband_1_465.jpg,34,undetected,700.0,237.0,706.0,244.0,42.0,103.9047619047619,96.65062108222713,871.9960510287644,-1.0
0--Parade/0_Parade_marchingband_1_465.jpg,35,undetected,664.0,239.0,670.0,247.0,48.0,102.35416666666667,96.65062108222713,871.9960510287644,-1.0
0--Parade/0_Parade_marchingband_1_465.jpg,36,undetected,669.0,260.0,676.0,268.0,56.0,160.16071428571428,96.65062108222713,871.9960510287644,-1.0
0--Parade/0_Parade_marchingband_1_465.jpg,37,undetected,618.0,264.0,624.0,272.0,48.0,191.02083333333334,96.65062108222713,871.9960510287644,-1.0
0--Parade/0_Parade_marchingband_1_465.jpg,38,undetected,627.0,235.0,635.0,244.0,72.0,144.5,96.65062108222713,871.9960510287644,-1.0
0--Parade/0_Parade_marchingband_1_465.jpg,39,undetected,607.0,198.0,613.0,205.0,42.0,141.14285714285714,96.65062108222713,871.9960510287644,-1.0
0--Parade/0_Parade_marchingband_1_465.jpg,40,undetected,628.0,154.0,632.0,159.0,20.0,144.1,96.65062108222713,871.9960510287644,-1.0
0--Parade/0_Parade_marchingband_1_465.jpg,41,undetected,528.0,157.0,532.0,163.0,24.0,56.291666666666664,96.65062108222713,871.9960510287644,-1.0
0--Parade/0_Parade_marchingband_1_465.jpg,42,undetected,554.0,165.0,558.0,170.0,20.0,93.7,96.65062108222713,871.9960510287644,-1.0
0--Parade/0_Parade_marchingband_1_465.jpg,43,undetected,769.0,160.0,775.0,167.0,42.0,139.52380952380952,96.65062108222713,871.9960510287644,-1.0
0--Parade/0_Parade_marchingband_1_465.jpg,44,undetected,431.0,167.0,435.0,172.0,20.0,139.5,96.65062108222713,871.9960510287644,-1.0
0--Parade/0_Parade_marchingband_1_465.jpg,45,undetected,467.0,168.0,471.0,173.0,20.0,157.85,96.65062108222713,871.9960510287644,-1.0
0--Parade/0_Parade_marchingband_1_465.jpg,46,undetected,466.0,257.0,474.0,266.0,72.0,113.18055555555556,96.65062108222713,871.9960510287644,-1.0
0--Parade/0_Parade_marchingband_1_465.jpg,47,undetected,709.0,267.0,716.0,276.0,63.0,54.44444444444444,96.65062108222713,871.9960510287644,-1.0
0--Parade/0_Parade_marchingband_1_465.jpg,48,undetected,761.0,268.0,768.0,276.0,56.0,41.964285714285715,96.65062108222713,871.9960510287644,-1.0
0--Parade/0_Parade_marchingband_1_465.jpg,49,undetected,735.0,241.0,741.0,249.0,48.0,128.1875,96.65062108222713,871.9960510287644,-1.0
0--Parade/0_Parade_marchingband_1_465.jpg,50,undetected,75.0,247.0,85.0,257.0,100.0,195.07,96.65062108222713,871.9960510287644,-1.0
0--Parade/0_Parade_Parade_0_628.jpg,8,detected,309.0,238.0,330.0,268.0,630.0,124.33174603174604,117.36782519674232,909.1781774513382,0.8687759041786194
0--Parade/0_Parade_Parade_0_628.jpg,11,detected,578.0,234.0,597.0,265.0,589.0,120.76740237691001,117.36782519674232,909.1781774513382,0.8596051931381226
0--Parade/0_Parade_Parade_0_628.jpg,9,detected,451.0,197.0,475.0,239.0,1008.0,124.16666666666667,117.36782519674232,909.1781774513382,0.8547220230102539
0--Parade/0_Parade_Parade_0_628.jpg,13,detected,693.0,263.0,710.0,289.0,442.0,107.38461538461539,117.36782519674232,909.1781774513382,0.783898651599884
0--Parade/0_Parade_Parade_0_628.jpg,12,detected,624.0,219.0,644.0,252.0,660.0,103.48939393939393,117.36782519674232,909.1781774513382,0.7694571018218994
0--Parade/0_Parade_Parade_0_628.jpg,19,detected,904.0,278.0,919.0,298.0,300.0,47.696666666666665,117.36782519674232,909.1781774513382,0.692035973072052
0--Parade/0_Parade_Parade_0_628.jpg,21,detected,979.0,261.0,1002.0,278.0,391.0,41.30434782608695,117.36782519674232,909.1781774513382,0.684472918510437
0--Parade/0_Parade_Parade_0_628.jpg,16,detected,786.0,290.0,797.0,303.0,143.0,39.06993006993007,117.36782519674232,909.1781774513382,0.5831325054168701
0--Parade/0_Parade_Parade_0_628.jpg,0,undetected,26.0,299.0,36.0,315.0,160.0,125.23125,117.36782519674232,909.1781774513382,-1.0
0--Parade/0_Parade_Parade_0_628.jpg,1,undetected,25.0,329.0,32.0,340.0,77.0,117.81818181818181,117.36782519674232,909.1781774513382,-1.0
0--Parade/0_Parade_Parade_0_628.jpg,2,undetected,84.0,341.0,90.0,349.0,48.0,142.6875,117.36782519674232,909.1781774513382,-1.0
0--Parade/0_Parade_Parade_0_628.jpg,3,undetected,80.0,329.0,85.0,335.0,30.0,129.83333333333334,117.36782519674232,909.1781774513382,-1.0
0--Parade/0_Parade_Parade_0_628.jpg,4,undetected,110.0,335.0,114.0,344.0,36.0,159.86111111111111,117.36782519674232,909.1781774513382,-1.0
0--Parade/0_Parade_Parade_0_628.jpg,5,undetected,138.0,337.0,142.0,345.0,32.0,87.4375,117.36782519674232,909.1781774513382,-1.0
0--Parade/0_Parade_Parade_0_628.jpg,6,undetected,151.0,351.0,154.0,356.0,15.0,88.13333333333334,117.36782519674232,909.1781774513382,-1.0
0--Parade/0_Parade_Parade_0_628.jpg,7,undetected,157.0,342.0,161.0,350.0,32.0,77.71875,117.36782519674232,909.1781774513382,-1.0
0--Parade/0_Parade_Parade_0_628.jpg,10,undetected,360.0,290.0,372.0,308.0,216.0,163.42592592592592,117.36782519674232,909.1781774513382,-1.0
0--Parade/0_Parade_Parade_0_628.jpg,14,undetected,708.0,296.0,717.0,311.0,135.0,132.21481481481482,117.36782519674232,909.1781774513382,-1.0
0--Parade/0_Parade_Parade_0_628.jpg,15,undetected,757.0,293.0,766.0,304.0,99.0,50.64646464646464,117.36782519674232,909.1781774513382,-1.0
0--Parade/0_Parade_Parade_0_628.jpg,17,undetected,787.0,340.0,799.0,353.0,156.0,47.83974358974359,117.36782519674232,909.1781774513382,-1.0
0--Parade/0_Parade_Parade_0_628.jpg,18,undetected,885.0,315.0,894.0,328.0,117.0,56.05982905982906,117.36782519674232,909.1781774513382,-1.0
0--Parade/0_Parade_Parade_0_628.jpg,20,undetected,939.0,296.0,951.0,310.0,168.0,88.125,117.36782519674232,909.1781774513382,-1.0
0--Parade/0_Parade_Parade_0_628.jpg,22,undetected,733.0,325.0,740.0,334.0,63.0,35.53968253968254,117.36782519674232,909.1781774513382,-1.0
0--Parade/0_Parade_marchingband_1_765.jpg,102,detected,494.0,366.0,510.0,390.0,384.0,171.13020833333334,146.19928145278348,2520.6066573088983,0.8499521613121033
0--Parade/0_Parade_marchingband_1_765.jpg,70,detected,307.0,370.0,324.0,394.0,408.0,172.8406862745098,146.19928145278348,2520.6066573088983,0.8371597528457642
0--Parade/0_Parade_marchingband_1_765.jpg,73,detected,248.0,370.0,267.0,390.0,380.0,179.17368421052632,146.19928145278348,2520.6066573088983,0.8350099921226501
0--Parade/0_Parade_marchingband_1_765.jpg,101,detected,428.0,373.0,447.0,396.0,437.0,149.63615560640733,146.19928145278348,2520.6066573088983,0.8322073221206665
0--Parade/0_Parade_marchingband_1_765.jpg,74,detected,196.0,374.0,212.0,393.0,304.0,159.66447368421052,146.19928145278348,2520.6066573088983,0.8314037322998047
0--Parade/0_Parade_marchingband_1_765.jpg,92,detected,442.0,233.0,455.0,251.0,234.0,141.35042735042734,146.19928145278348,2520.6066573088983,0.8194910287857056
0--Parade/0_Parade_marchingband_1_765.jpg,39,detected,555.0,376.0,572.0,400.0,408.0,175.54656862745097,146.19928145278348,2520.6066573088983,0.8188118934631348
0--Parade/0_Parade_marchingband_1_765.jpg,93,detected,466.0,250.0,478.0,266.0,192.0,162.015625,146.19928145278348,2520.6066573088983,0.8180249929428101
0--Parade/0_Parade_marchingband_1_765.jpg,13,detected,329.0,171.0,337.0,184.0,104.0,114.90384615384616,146.19928145278348,2520.6066573088983,0.8155046701431274
0--Parade/0_Parade_marchingband_1_765.jpg,98,detected,405.0,309.0,420.0,328.0,285.0,167.7122807017544,146.19928145278348,2520.6066573088983,0.8146185874938965
0--Parade/0_Parade_marchingband_1_765.jpg,19,detected,312.0,249.0,325.0,264.0,195.0,139.30769230769232,146.19928145278348,2520.6066573088983,0.8070800304412842
0--Parade/0_Parade_marchingband_1_765.jpg,29,detected,674.0,247.0,686.0,263.0,192.0,153.421875,146.19928145278348,2520.6066573088983,0.8068587779998779
0--Parade/0_Parade_marchingband_1_765.jpg,25,detected,252.0,267.0,266.0,285.0,252.0,144.80555555555554,146.19928145278348,2520.6066573088983,0.7922213673591614
0--Parade/0_Parade_marchingband_1_765.jpg,116,detected,606.0,242.0,619.0,259.0,221.0,163.53846153846155,146.19928145278348,2520.6066573088983,0.7899578809738159
0--Parade/0_Parade_marchingband_1_765.jpg,120,detected,502.0,313.0,515.0,334.0,273.0,173.71062271062272,146.19928145278348,2520.6066573088983,0.7892343997955322
0--Parade/0_Parade_marchingband_1_765.jpg,51,detected,784.0,380.0,802.0,402.0,396.0,125.83838383838383,146.19928145278348,2520.6066573088983,0.7884945273399353
0--Parade/0_Parade_marchingband_1_765.jpg,75,detected,152.0,382.0,170.0,402.0,360.0,134.7722222222222,146.19928145278348,2520.6066573088983,0.7860207557678223
0--Parade/0_Parade_marchingband_1_765.jpg,100,detected,452.0,341.0,468.0,361.0,320.0,185.709375,146.19928145278348,2520.6066573088983,0.7813884019851685
0--Parade/0_Parade_marchingband_1_765.jpg,99,detected,370.0,369.0,386.0,390.0,336.0,177.52083333333334,146.19928145278348,2520.6066573088983,0.7781740427017212
0--Parade/0_Parade_marchingband_1_765.jpg,72,detected,226.0,317.0,239.0,336.0,247.0,153.49392712550608,146.19928145278348,2520.6066573088983,0.7751774191856384
0--Parade/0_Parade_marchingband_1_765.jpg,65,detected,912.0,290.0,926.0,309.0,266.0,114.60902255639098,146.19928145278348,2520.6066573088983,0.7654225826263428
0--Parade/0_Parade_marchingband_1_765.jpg,69,detected,352.0,343.0,366.0,362.0,266.0,193.1015037593985,146.19928145278348,2520.6066573088983,0.764697253704071
0--Parade/0_Parade_marchingband_1_765.jpg,78,detected,90.0,322.0,108.0,349.0,486.0,140.07407407407408,146.19928145278348,2520.6066573088983,0.7604762315750122
0--Parade/0_Parade_marchingband_1_765.jpg,66,detected,905.0,384.0,922.0,405.0,357.0,155.1204481792717,146.19928145278348,2520.6066573088983,0.7604681253433228
0--Parade/0_Parade_marchingband_1_765.jpg,38,detected,688.0,293.0,703.0,314.0,315.0,157.98730158730157,146.19928145278348,2520.6066573088983,0.7593717575073242
0--Parade/0_Parade_marchingband_1_765.jpg,52,detected,845.0,371.0,864.0,395.0,456.0,154.14254385964912,146.19928145278348,2520.6066573088983,0.7584036588668823
0--Parade/0_Parade_marchingband_1_765.jpg,44,detected,785.0,273.0,799.0,290.0,238.0,141.24789915966386,146.19928145278348,2520.6066573088983,0.758240818977356
0--Parade/0_Parade_marchingband_1_765.jpg,50,detected,727.0,381.0,745.0,404.0,414.0,164.79227053140096,146.19928145278348,2520.6066573088983,0.7564295530319214
0--Parade/0_Parade_marchingband_1_765.jpg,26,detected,288.0,289.0,300.0,308.0,228.0,158.73684210526315,146.19928145278348,2520.6066573088983,0.7563010454177856
0--Parade/0_Parade_marchingband_1_765.jpg,40,detected,612.0,382.0,628.0,402.0,320.0,174.63125,146.19928145278348,2520.6066573088983,0.752219557762146
0--Parade/0_Parade_marchingband_1_765.jpg,34,detected,647.0,265.0,659.0,283.0,216.0,148.0462962962963,146.19928145278348,2520.6066573088983,0.75003981590271
0--Parade/0_Parade_marchingband_1_765.jpg,42,detected,692.0,352.0,708.0,371.0,304.0,144.39473684210526,146.19928145278348,2520.6066573088983,0.7478091716766357
0--Parade/0_Parade_marchingband_1_765.jpg,122,detected,539.0,346.0,553.0,366.0,280.0,157.47142857142856,146.19928145278348,2520.6066573088983,0.7466473579406738
0--Parade/0_Parade_marchingband_1_765.jpg,18,detected,339.0,265.0,353.0,280.0,210.0,124.23809523809524,146.19928145278348,2520.6066573088983,0.7422794699668884
0--Parade/0_Parade_marchingband_1_765.jpg,35,detected,615.0,295.0,629.0,312.0,238.0,144.30252100840337,146.19928145278348,2520.6066573088983,0.7417235374450684
0--Parade/0_Parade_marchingband_1_765.jpg,12,detected,351.0,183.0,361.0,197.0,140.0,129.12857142857143,146.19928145278348,2520.6066573088983,0.7413544058799744
0--Parade/0_Parade_marchingband_1_765.jpg,11,detected,414.0,214.0,424.0,227.0,130.0,154.6769230769231,146.19928145278348,2520.6066573088983,0.7392590045928955
0--Parade/0_Parade_marchingband_1_765.jpg,111,detected,630.0,199.0,641.0,213.0,154.0,142.04545454545453,146.19928145278348,2520.6066573088983,0.7391067147254944
0--Parade/0_Parade_marchingband_1_765.jpg,45,detected,769.0,293.0,783.0,311.0,252.0,158.3968253968254,146.19928145278348,2520.6066573088983,0.7354331016540527
0--Parade/0_Parade_marchingband_1_765.jpg,47,detected,833.0,299.0,847.0,315.0,224.0,139.83035714285714,146.19928145278348,2520.6066573088983,0.7326042056083679
0--Parade/0_Parade_marchingband_1_765.jpg,91,detected,505.0,233.0,515.0,247.0,140.0,161.17142857142858,146.19928145278348,2520.6066573088983,0.730762243270874
0--Parade/0_Parade_marchingband_1_765.jpg,119,detected,458.0,290.0,472.0,306.0,224.0,131.23214285714286,146.19928145278348,2520.6066573088983,0.7291250228881836
0--Parade/0_Parade_marchingband_1_765.jpg,43,detected,715.0,270.0,727.0,289.0,228.0,153.73245614035088,146.19928145278348,2520.6066573088983,0.7275163531303406
0--Parade/0_Parade_marchingband_1_765.jpg,85,detected,457.0,174.0,465.0,186.0,96.0,95.52083333333333,146.19928145278348,2520.6066573088983,0.727211058139801
0--Parade/0_Parade_marchingband_1_765.jpg,105,detected,569.0,173.0,580.0,183.0,110.0,134.5090909090909,146.19928145278348,2520.6066573088983,0.7221328020095825
0--Parade/0_Parade_marchingband_1_765.jpg,58,detected,804.0,156.0,813.0,170.0,126.0,154.73015873015873,146.19928145278348,2520.6066573088983,0.7213472127914429
0--Parade/0_Parade_marchingband_1_765.jpg,36,detected,584.0,314.0,599.0,332.0,270.0,162.1888888888889,146.19928145278348,2520.6066573088983,0.7213203310966492
0--Parade/0_Parade_marchingband_1_765.jpg,68,detected,317.0,305.0,332.0,323.0,270.0,161.3037037037037,146.19928145278348,2520.6066573088983,0.7208024263381958
0--Parade/0_Parade_marchingband_1_765.jpg,33,detected,577.0,268.0,589.0,284.0,192.0,168.80208333333334,146.19928145278348,2520.6066573088983,0.7195981740951538
0--Parade/0_Parade_marchingband_1_765.jpg,77,detected,114.0,299.0,130.0,320.0,336.0,146.55357142857142,146.19928145278348,2520.6066573088983,0.717576265335083
0--Parade/0_Parade_marchingband_1_765.jpg,32,detected,746.0,251.0,758.0,267.0,192.0,159.88541666666666,146.19928145278348,2520.6066573088983,0.7143305540084839
0--Parade/0_Parade_marchingband_1_765.jpg,67,detected,623.0,347.0,638.0,365.0,270.0,143.71481481481482,146.19928145278348,2520.6066573088983,0.7125451564788818
0--Parade/0_Parade_marchingband_1_765.jpg,22,detected,233.0,198.0,245.0,214.0,192.0,144.49479166666666,146.19928145278348,2520.6066573088983,0.7117878198623657
0--Parade/0_Parade_marchingband_1_765.jpg,24,detected,172.0,256.0,186.0,274.0,252.0,145.87698412698413,146.19928145278348,2520.6066573088983,0.7039257287979126
0--Parade/0_Parade_marchingband_1_765.jpg,115,detected,606.0,210.0,616.0,223.0,130.0,143.24615384615385,146.19928145278348,2520.6066573088983,0.7016509175300598
0--Parade/0_Parade_marchingband_1_765.jpg,20,detected,284.0,234.0,296.0,248.0,168.0,110.20238095238095,146.19928145278348,2520.6066573088983,0.6966015100479126
0--Parade/0_Parade_marchingband_1_765.jpg,23,detected,202.0,220.0,216.0,236.0,224.0,147.20089285714286,146.19928145278348,2520.6066573088983,0.6964128613471985
0--Parade/0_Parade_marchingband_1_765.jpg,16,detected,362.0,230.0,375.0,246.0,208.0,129.09134615384616,146.19928145278348,2520.6066573088983,0.6927708983421326
0--Parade/0_Parade_marchingband_1_765.jpg,71,detected,257.0,346.0,272.0,361.0,225.0,155.16444444444446,146.19928145278348,2520.6066573088983,0.6864349842071533
0--Parade/0_Parade_marchingband_1_765.jpg,27,detected,723.0,214.0,734.0,226.0,132.0,133.83333333333334,146.19928145278348,2520.6066573088983,0.6809110641479492
0--Parade/0_Parade_marchingband_1_765.jpg,125,detected,739.0,161.0,748.0,174.0,117.0,106.08547008547009,146.19928145278348,2520.6066573088983,0.6744009256362915
0--Parade/0_Parade_marchingband_1_765.jpg,41,detected,662.0,379.0,681.0,400.0,399.0,126.67167919799499,146.19928145278348,2520.6066573088983,0.6724963784217834
0--Parade/0_Parade_marchingband_1_765.jpg,4,detected,260.0,173.0,270.0,186.0,130.0,114.66923076923077,146.19928145278348,2520.6066573088983,0.6717391014099121
0--Parade/0_Parade_marchingband_1_765.jpg,17,detected,398.0,244.0,411.0,259.0,195.0,129.47692307692307,146.19928145278348,2520.6066573088983,0.6712702512741089
0--Parade/0_Parade_marchingband_1_765.jpg,30,detected,764.0,230.0,776.0,244.0,168.0,154.94642857142858,146.19928145278348,2520.6066573088983,0.6711702346801758
0--Parade/0_Parade_marchingband_1_765.jpg,53,detected,855.0,354.0,872.0,376.0,374.0,113.44117647058823,146.19928145278348,2520.6066573088983,0.6706673502922058
0--Parade/0_Parade_marchingband_1_765.jpg,113,detected,567.0,200.0,577.0,214.0,140.0,148.1,146.19928145278348,2520.6066573088983,0.6684784889221191
0--Parade/0_Parade_marchingband_1_765.jpg,89,detected,542.0,187.0,552.0,200.0,130.0,144.5,146.19928145278348,2520.6066573088983,0.6667624711990356
0--Parade/0_Parade_marchingband_1_765.jpg,97,detected,370.0,290.0,381.0,308.0,198.0,170.56060606060606,146.19928145278348,2520.6066573088983,0.6626588106155396
0--Parade/0_Parade_marchingband_1_765.jpg,37,detected,650.0,316.0,664.0,335.0,266.0,168.1015037593985,146.19928145278348,2520.6066573088983,0.6555674076080322
0--Parade/0_Parade_marchingband_1_765.jpg,63,detected,872.0,246.0,886.0,261.0,210.0,84.41428571428571,146.19928145278348,2520.6066573088983,0.6554973125457764
0--Parade/0_Parade_marchingband_1_765.jpg,48,detected,805.0,322.0,820.0,341.0,285.0,156.459649122807,146.19928145278348,2520.6066573088983,0.6490824222564697
0--Parade/0_Parade_marchingband_1_765.jpg,61,detected,802.0,252.0,815.0,267.0,195.0,111.93333333333334,146.19928145278348,2520.6066573088983,0.6440423727035522
0--Parade/0_Parade_marchingband_1_765.jpg,64,detected,893.0,266.0,905.0,283.0,204.0,113.93627450980392,146.19928145278348,2520.6066573088983,0.64008629322052
0--Parade/0_Parade_marchingband_1_765.jpg,60,detected,833.0,202.0,847.0,218.0,224.0,113.51785714285714,146.19928145278348,2520.6066573088983,0.6366525888442993
0--Parade/0_Parade_marchingband_1_765.jpg,76,detected,139.0,275.0,154.0,292.0,255.0,141.65882352941176,146.19928145278348,2520.6066573088983,0.6338794827461243
0--Parade/0_Parade_marchingband_1_765.jpg,49,detected,766.0,350.0,781.0,368.0,270.0,119.15185185185184,146.19928145278348,2520.6066573088983,0.6297655701637268
0--Parade/0_Parade_marchingband_1_765.jpg,114,detected,569.0,234.0,580.0,247.0,143.0,138.93706293706293,146.19928145278348,2520.6066573088983,0.6264299154281616
0--Parade/0_Parade_marchingband_1_765.jpg,130,detected,758.0,189.0,767.0,203.0,126.0,116.5079365079365,146.19928145278348,2520.6066573088983,0.625266969203949
0--Parade/0_Parade_marchingband_1_765.jpg,90,detected,541.0,208.0,551.0,222.0,140.0,129.25,146.19928145278348,2520.6066573088983,0.624321460723877
0--Parade/0_Parade_marchingband_1_765.jpg,94,detected,501.0,264.0,513.0,280.0,192.0,159.890625,146.19928145278348,2520.6066573088983,0.6235355138778687
0--Parade/0_Parade_marchingband_1_765.jpg,59,detected,824.0,178.0,835.0,194.0,176.0,134.8068181818182,146.19928145278348,2520.6066573088983,0.6220899224281311
0--Parade/0_Parade_marchingband_1_765.jpg,46,detected,727.0,311.0,743.0,330.0,304.0,150.8815789473684,146.19928145278348,2520.6066573088983,0.6168022751808167
0--Parade/0_Parade_marchingband_1_765.jpg,118,detected,665.0,210.0,675.0,225.0,150.0,172.16,146.19928145278348,2520.6066573088983,0.6090042591094971
0--Parade/0_Parade_marchingband_1_765.jpg,62,detected,848.0,225.0,861.0,240.0,195.0,117.66666666666667,146.19928145278348,2520.6066573088983,0.6049652099609375
0--Parade/0_Parade_marchingband_1_765.jpg,121,detected,541.0,296.0,555.0,313.0,238.0,129.63025210084032,146.19928145278348,2520.6066573088983,0.6005011200904846
0--Parade/0_Parade_marchingband_1_765.jpg,21,detected,246.0,183.0,257.0,196.0,143.0,116.35664335664336,146.19928145278348,2520.6066573088983,0.5864485502243042
0--Parade/0_Parade_marchingband_1_765.jpg,96,detected,423.0,268.0,435.0,284.0,192.0,130.07291666666666,146.19928145278348,2520.6066573088983,0.585440456867218
0--Parade/0_Parade_marchingband_1_765.jpg,104,detected,550.0,167.0,558.0,177.0,80.0,130.675,146.19928145278348,2520.6066573088983,0.58281010389328
0--Parade/0_Parade_marchingband_1_765.jpg,88,detected,505.0,202.0,516.0,215.0,143.0,111.27972027972028,146.19928145278348,2520.6066573088983,0.5758053064346313
0--Parade/0_Parade_marchingband_1_765.jpg,83,detected,512.0,172.0,521.0,183.0,99.0,143.12121212121212,146.19928145278348,2520.6066573088983,0.5726050734519958
0--Parade/0_Parade_marchingband_1_765.jpg,6,detected,370.0,161.0,379.0,173.0,108.0,100.18518518518519,146.19928145278348,2520.6066573088983,0.5568875074386597
0--Parade/0_Parade_marchingband_1_765.jpg,106,detected,599.0,166.0,608.0,176.0,90.0,128.4111111111111,146.19928145278348,2520.6066573088983,0.5511645078659058
0--Parade/0_Parade_marchingband_1_765.jpg,108,detected,659.0,165.0,667.0,175.0,80.0,147.9125,146.19928145278348,2520.6066573088983,0.5510281324386597
0--Parade/0_Parade_marchingband_1_765.jpg,9,detected,422.0,192.0,431.0,202.0,90.0,125.33333333333333,146.19928145278348,2520.6066573088983,0.54469895362854
0--Parade/0_Parade_marchingband_1_765.jpg,15,detected,333.0,217.0,343.0,232.0,150.0,138.56,146.19928145278348,2520.6066573088983,0.5344951152801514
0--Parade/0_Parade_marchingband_1_765.jpg,112,detected,599.0,189.0,609.0,201.0,120.0,135.175,146.19928145278348,2520.6066573088983,0.5263554453849792
0--Parade/0_Parade_marchingband_1_765.jpg,57,detected,789.0,149.0,800.0,161.0,132.0,88.24242424242425,146.19928145278348,2520.6066573088983,0.5048872232437134
0--Parade/0_Parade_marchingband_1_765.jpg,5,detected,345.0,151.0,352.0,161.0,70.0,111.65714285714286,146.19928145278348,2520.6066573088983,0.504387617111206
0--Parade/0_Parade_marchingband_1_765.jpg,0,undetected,311.0,131.0,319.0,140.0,72.0,132.34722222222223,146.19928145278348,2520.6066573088983,-1.0
0--Parade/0_Parade_marchingband_1_765.jpg,1,undetected,299.0,143.0,309.0,154.0,110.0,126.48181818181818,146.19928145278348,2520.6066573088983,-1.0
0--Parade/0_Parade_marchingband_1_765.jpg,2,undetected,284.0,150.0,293.0,163.0,117.0,153.10256410256412,146.19928145278348,2520.6066573088983,-1.0
0--Parade/0_Parade_marchingband_1_765.jpg,3,undetected,273.0,163.0,283.0,174.0,110.0,119.07272727272728,146.19928145278348,2520.6066573088983,-1.0
0--Parade/0_Parade_marchingband_1_765.jpg,7,undetected,408.0,150.0,417.0,162.0,108.0,124.35185185185185,146.19928145278348,2520.6066573088983,-1.0
0--Parade/0_Parade_marchingband_1_765.jpg,8,undetected,398.0,173.0,405.0,184.0,77.0,134.88311688311688,146.19928145278348,2520.6066573088983,-1.0
0--Parade/0_Parade_marchingband_1_765.jpg,10,undetected,384.0,205.0,393.0,217.0,108.0,117.63888888888889,146.19928145278348,2520.6066573088983,-1.0
0--Parade/0_Parade_marchingband_1_765.jpg,14,undetected,309.0,203.0,319.0,215.0,120.0,122.74166666666666,146.19928145278348,2520.6066573088983,-1.0
0--Parade/0_Parade_marchingband_1_765.jpg,28,undetected,705.0,230.0,715.0,246.0,160.0,167.18125,146.19928145278348,2520.6066573088983,-1.0
0--Parade/0_Parade_marchingband_1_765.jpg,31,undetected,780.0,221.0,791.0,236.0,165.0,139.53333333333333,146.19928145278348,2520.6066573088983,-1.0
0--Parade/0_Parade_marchingband_1_765.jpg,54,undetected,731.0,181.0,740.0,192.0,99.0,109.33333333333333,146.19928145278348,2520.6066573088983,-1.0
0--Parade/0_Parade_marchingband_1_765.jpg,55,undetected,773.0,126.0,782.0,139.0,117.0,99.01709401709402,146.19928145278348,2520.6066573088983,-1.0
0--Parade/0_Parade_marchingband_1_765.jpg,56,undetected,780.0,138.0,790.0,151.0,130.0,107.8923076923077,146.19928145278348,2520.6066573088983,-1.0
0--Parade/0_Parade_marchingband_1_765.jpg,79,undetected,436.0,164.0,444.0,177.0,104.0,101.33653846153847,146.19928145278348,2520.6066573088983,-1.0
0--Parade/0_Parade_marchingband_1_765.jpg,80,undetected,463.0,147.0,472.0,159.0,108.0,116.82407407407408,146.19928145278348,2520.6066573088983,-1.0
0--Parade/0_Parade_marchingband_1_765.jpg,81,undetected,490.0,163.0,498.0,174.0,88.0,111.80681818181819,146.19928145278348,2520.6066573088983,-1.0
0--Parade/0_Parade_marchingband_1_765.jpg,82,undetected,522.0,146.0,530.0,157.0,88.0,110.93181818181819,146.19928145278348,2520.6066573088983,-1.0
0--Parade/0_Parade_marchingband_1_765.jpg,84,undetected,486.0,190.0,496.0,203.0,130.0,140.2923076923077,146.19928145278348,2520.6066573088983,-1.0
0--Parade/0_Parade_marchingband_1_765.jpg,86,undetected,449.0,203.0,459.0,214.0,110.0,117.49090909090908,146.19928145278348,2520.6066573088983,-1.0
0--Parade/0_Parade_marchingband_1_765.jpg,87,undetected,476.0,215.0,486.0,226.0,110.0,118.44545454545455,146.19928145278348,2520.6066573088983,-1.0
0--Parade/0_Parade_marchingband_1_765.jpg,95,undetected,538.0,252.0,550.0,269.0,204.0,170.35294117647058,146.19928145278348,2520.6066573088983,-1.0
0--Parade/0_Parade_marchingband_1_765.jpg,103,undetected,571.0,151.0,580.0,161.0,90.0,123.42222222222222,146.19928145278348,2520.6066573088983,-1.0
0--Parade/0_Parade_marchingband_1_765.jpg,107,undetected,629.0,154.0,638.0,164.0,90.0,116.35555555555555,146.19928145278348,2520.6066573088983,-1.0
0--Parade/0_Parade_marchingband_1_765.jpg,109,undetected,628.0,178.0,637.0,190.0,108.0,128.4537037037037,146.19928145278348,2520.6066573088983,-1.0
0--Parade/0_Parade_marchingband_1_765.jpg,110,undetected,654.0,189.0,663.0,201.0,108.0,116.04629629629629,146.19928145278348,2520.6066573088983,-1.0
0--Parade/0_Parade_marchingband_1_765.jpg,117,undetected,641.0,235.0,652.0,248.0,143.0,164.4965034965035,146.19928145278348,2520.6066573088983,-1.0
0--Parade/0_Parade_marchingband_1_765.jpg,123,undetected,678.0,155.0,686.0,165.0,80.0,112.775,146.19928145278348,2520.6066573088983,-1.0
0--Parade/0_Parade_marchingband_1_765.jpg,124,undetected,717.0,154.0,727.0,167.0,130.0,119.8,146.19928145278348,2520.6066573088983,-1.0
0--Parade/0_Parade_marchingband_1_765.jpg,126,undetected,705.0,167.0,714.0,178.0,99.0,104.01010101010101,146.19928145278348,2520.6066573088983,-1.0
0--Parade/0_Parade_marchingband_1_765.jpg,127,undetected,683.0,182.0,691.0,193.0,88.0,159.875,146.19928145278348,2520.6066573088983,-1.0
0--Parade/0_Parade_marchingband_1_765.jpg,128,undetected,713.0,192.0,723.0,204.0,120.0,143.21666666666667,146.19928145278348,2520.6066573088983,-1.0
0--Parade/0_Parade_marchingband_1_765.jpg,129,undetected,690.0,200.0,701.0,214.0,154.0,145.65584415584416,146.19928145278348,2520.6066573088983,-1.0
0--Parade/0_Parade_marchingband_1_765.jpg,131,undetected,745.0,204.0,755.0,215.0,110.0,112.75454545454545,146.19928145278348,2520.6066573088983,-1.0
0--Parade/0_Parade_Parade_0_194.jpg,0,detected,111.0,425.0,233.0,552.0,15494.0,172.35749322318316,145.06044344943263,196.132691284776,0.8889145255088806
0--Parade/0_Parade_Parade_0_194.jpg,4,detected,707.0,252.0,799.0,385.0,12236.0,160.68143184047074,145.06044344943263,196.132691284776,0.8481770157814026
0--Parade/0_Parade_Parade_0_194.jpg,2,detected,368.0,252.0,457.0,385.0,11837.0,161.9136605558841,145.06044344943263,196.132691284776,0.8324482440948486
0--Parade/0_Parade_Parade_0_194.jpg,1,detected,209.0,347.0,279.0,450.0,7210.0,168.19694868238557,145.06044344943263,196.132691284776,0.8292640447616577
0--Parade/0_Parade_Parade_0_194.jpg,3,detected,555.0,282.0,644.0,382.0,8900.0,135.7743820224719,145.06044344943263,196.132691284776,0.7645752429962158
0--Parade/0_Parade_marchingband_1_379.jpg,21,detected,537.0,316.0,556.0,347.0,589.0,94.2546689303905,133.53759765625,536.1152770716634,0.6796804070472717
0--Parade/0_Parade_marchingband_1_379.jpg,3,detected,695.0,289.0,718.0,321.0,736.0,85.40217391304348,133.53759765625,536.1152770716634,0.6266303062438965
0--Parade/0_Parade_marchingband_1_379.jpg,22,detected,429.0,295.0,458.0,337.0,1218.0,109.38259441707717,133.53759765625,536.1152770716634,0.6001313924789429
0--Parade/0_Parade_marchingband_1_379.jpg,6,detected,953.0,316.0,967.0,332.0,224.0,80.15625,133.53759765625,536.1152770716634,0.526766300201416
0--Parade/0_Parade_marchingband_1_379.jpg,0,undetected,281.0,303.0,301.0,339.0,720.0,103.25555555555556,133.53759765625,536.1152770716634,-1.0
0--Parade/0_Parade_marchingband_1_379.jpg,1,undetected,260.0,324.0,276.0,345.0,336.0,100.62797619047619,133.53759765625,536.1152770716634,-1.0
0--Parade/0_Parade_marchingband_1_379.jpg,2,undetected,896.0,312.0,910.0,332.0,280.0,90.97857142857143,133.53759765625,536.1152770716634,-1.0
0--Parade/0_Parade_marchingband_1_379.jpg,4,undetected,809.0,320.0,826.0,345.0,425.0,95.61411764705882,133.53759765625,536.1152770716634,-1.0
0--Parade/0_Parade_marchingband_1_379.jpg,5,undetected,846.0,320.0,861.0,336.0,240.0,86.325,133.53759765625,536.1152770716634,-1.0
0--Parade/0_Parade_marchingband_1_379.jpg,7,undetected,985.0,329.0,998.0,342.0,169.0,86.98224852071006,133.53759765625,536.1152770716634,-1.0
0--Parade/0_Parade_marchingband_1_379.jpg,8,undetected,783.0,319.0,794.0,336.0,187.0,90.54010695187166,133.53759765625,536.1152770716634,-1.0
0--Parade/0_Parade_marchingband_1_379.jpg,9,undetected,765.0,323.0,776.0,335.0,132.0,110.91666666666667,133.53759765625,536.1152770716634,-1.0
0--Parade/0_Parade_marchingband_1_379.jpg,10,undetected,658.0,324.0,674.0,347.0,368.0,96.8586956521739,133.53759765625,536.1152770716634,-1.0
0--Parade/0_Parade_marchingband_1_379.jpg,11,undetected,864.0,329.0,872.0,337.0,64.0,85.703125,133.53759765625,536.1152770716634,-1.0
0--Parade/0_Parade_marchingband_1_379.jpg,12,undetected,877.0,328.0,884.0,337.0,63.0,96.34920634920636,133.53759765625,536.1152770716634,-1.0
0--Parade/0_Parade_marchingband_1_379.jpg,13,undetected,928.0,325.0,935.0,333.0,56.0,100.55357142857143,133.53759765625,536.1152770716634,-1.0
0--Parade/0_Parade_marchingband_1_379.jpg,14,undetected,1010.0,322.0,1017.0,330.0,56.0,73.39285714285714,133.53759765625,536.1152770716634,-1.0
0--Parade/0_Parade_marchingband_1_379.jpg,15,undetected,746.0,303.0,751.0,312.0,45.0,83.62222222222222,133.53759765625,536.1152770716634,-1.0
0--Parade/0_Parade_marchingband_1_379.jpg,16,undetected,883.0,317.0,888.0,323.0,30.0,62.666666666666664,133.53759765625,536.1152770716634,-1.0
0--Parade/0_Parade_marchingband_1_379.jpg,17,undetected,598.0,323.0,609.0,338.0,165.0,82.95757575757575,133.53759765625,536.1152770716634,-1.0
0--Parade/0_Parade_marchingband_1_379.jpg,18,undetected,621.0,316.0,626.0,327.0,55.0,67.43636363636364,133.53759765625,536.1152770716634,-1.0
0--Parade/0_Parade_marchingband_1_379.jpg,19,undetected,581.0,299.0,587.0,308.0,54.0,96.29629629629629,133.53759765625,536.1152770716634,-1.0
0--Parade/0_Parade_marchingband_1_379.jpg,20,undetected,506.0,306.0,514.0,321.0,120.0,123.21666666666667,133.53759765625,536.1152770716634,-1.0
0--Parade/0_Parade_marchingband_1_379.jpg,23,undetected,383.0,309.0,398.0,334.0,375.0,129.83733333333333,133.53759765625,536.1152770716634,-1.0
0--Parade/0_Parade_marchingband_1_379.jpg,24,undetected,86.0,320.0,102.0,344.0,384.0,103.54427083333333,133.53759765625,536.1152770716634,-1.0
0--Parade/0_Parade_marchingband_1_379.jpg,25,undetected,188.0,322.0,207.0,350.0,532.0,105.84962406015038,133.53759765625,536.1152770716634,-1.0
0--Parade/0_Parade_marchingband_1_379.jpg,0,false_positive,813.563232421875,318.1374816894531,831.43310546875,338.691162109375,367.2916564941406,113.68611111111112,133.53759765625,536.1152770716634,0.7200875878334045
0--Parade/0_Parade_Parade_0_814.jpg,29,detected,764.0,514.0,786.0,538.0,528.0,105.13825757575758,123.28321885294656,707.6722446359214,0.6877548098564148
0--Parade/0_Parade_Parade_0_814.jpg,28,detected,776.0,386.0,788.0,400.0,168.0,104.6547619047619,123.28321885294656,707.6722446359214,0.6573479771614075
0--Parade/0_Parade_Parade_0_814.jpg,30,detected,893.0,556.0,911.0,574.0,324.0,117.17283950617283,123.28321885294656,707.6722446359214,0.5838271379470825
0--Parade/0_Parade_Parade_0_814.jpg,31,detected,924.0,527.0,943.0,548.0,399.0,70.93233082706767,123.28321885294656,707.6722446359214,0.566530168056488
0--Parade/0_Parade_Parade_0_814.jpg,0,detected,74.0,417.0,82.0,426.0,72.0,76.65277777777777,123.28321885294656,707.6722446359214,0.5077042579650879
0--Parade/0_Parade_Parade_0_814.jpg,17,detected,472.0,373.0,484.0,388.0,180.0,104.77777777777777,123.28321885294656,707.6722446359214,0.5073453187942505
0--Parade/0_Parade_Parade_0_814.jpg,1,undetected,96.0,423.0,105.0,433.0,90.0,86.16666666666667,123.28321885294656,707.6722446359214,-1.0
0--Parade/0_Parade_Parade_0_814.jpg,2,undetected,102.0,395.0,110.0,405.0,80.0,92.8375,123.28321885294656,707.6722446359214,-1.0
0--Parade/0_Parade_Parade_0_814.jpg,3,undetected,112.0,408.0,119.0,419.0,77.0,81.14285714285714,123.28321885294656,707.6722446359214,-1.0
0--Parade/0_Parade_Parade_0_814.jpg,4,undetected,125.0,404.0,133.0,415.0,88.0,83.81818181818181,123.28321885294656,707.6722446359214,-1.0
0--Parade/0_Parade_Parade_0_814.jpg,5,undetected,133.0,417.0,142.0,425.0,72.0,58.833333333333336,123.28321885294656,707.6722446359214,-1.0
0--Parade/0_Parade_Parade_0_814.jpg,6,undetected,151.0,407.0,158.0,416.0,63.0,88.60317460317461,123.28321885294656,707.6722446359214,-1.0
0--Parade/0_Parade_Parade_0_814.jpg,7,undetected,165.0,421.0,173.0,432.0,88.0,73.2840909090909,123.28321885294656,707.6722446359214,-1.0
0--Parade/0_Parade_Parade_0_814.jpg,8,undetected,166.0,401.0,174.0,412.0,88.0,85.39772727272727,123.28321885294656,707.6722446359214,-1.0
0--Parade/0_Parade_Parade_0_814.jpg,9,undetected,258.0,407.0,263.0,416.0,45.0,79.06666666666666,123.28321885294656,707.6722446359214,-1.0
0--Parade/0_Parade_Parade_0_814.jpg,10,undetected,290.0,394.0,296.0,402.0,48.0,76.27083333333333,123.28321885294656,707.6722446359214,-1.0
0--Parade/0_Parade_Parade_0_814.jpg,11,undetected,288.0,429.0,295.0,438.0,63.0,111.95238095238095,123.28321885294656,707.6722446359214,-1.0
0--Parade/0_Parade_Parade_0_814.jpg,12,undetected,321.0,407.0,329.0,417.0,80.0,83.0,123.28321885294656,707.6722446359214,-1.0
0--Parade/0_Parade_Parade_0_814.jpg,13,undetected,310.0,399.0,319.0,409.0,90.0,75.31111111111112,123.28321885294656,707.6722446359214,-1.0
0--Parade/0_Parade_Parade_0_814.jpg,14,undetected,306.0,419.0,312.0,427.0,48.0,124.625,123.28321885294656,707.6722446359214,-1.0
0--Parade/0_Parade_Parade_0_814.jpg,15,undetected,337.0,402.0,347.0,415.0,130.0,99.76923076923077,123.28321885294656,707.6722446359214,-1.0
0--Parade/0_Parade_Parade_0_814.jpg,16,undetected,407.0,455.0,423.0,469.0,224.0,113.75,123.28321885294656,707.6722446359214,-1.0
0--Parade/0_Parade_Parade_0_814.jpg,18,undetected,495.0,378.0,507.0,395.0,204.0,82.81372549019608,123.28321885294656,707.6722446359214,-1.0
0--Parade/0_Parade_Parade_0_814.jpg,19,undetected,244.0,367.0,255.0,385.0,198.0,69.93434343434343,123.28321885294656,707.6722446359214,-1.0
0--Parade/0_Parade_Parade_0_814.jpg,20,undetected,407.0,403.0,412.0,408.0,25.0,62.0,123.28321885294656,707.6722446359214,-1.0
0--Parade/0_Parade_Parade_0_814.jpg,21,undetected,526.0,411.0,532.0,420.0,54.0,95.55555555555556,123.28321885294656,707.6722446359214,-1.0
0--Parade/0_Parade_Parade_0_814.jpg,22,undetected,604.0,534.0,621.0,557.0,391.0,144.60613810741688,123.28321885294656,707.6722446359214,-1.0
0--Parade/0_Parade_Parade_0_814.jpg,23,undetected,647.0,404.0,656.0,415.0,99.0,74.56565656565657,123.28321885294656,707.6722446359214,-1.0
0--Parade/0_Parade_Parade_0_814.jpg,24,undetected,684.0,395.0,693.0,409.0,126.0,158.03968253968253,123.28321885294656,707.6722446359214,-1.0
0--Parade/0_Parade_Parade_0_814.jpg,25,undetected,705.0,437.0,713.0,448.0,88.0,61.42045454545455,123.28321885294656,707.6722446359214,-1.0
0--Parade/0_Parade_Parade_0_814.jpg,26,undetected,723.0,385.0,735.0,400.0,180.0,120.37222222222222,123.28321885294656,707.6722446359214,-1.0
0--Parade/0_Parade_Parade_0_814.jpg,27,undetected,753.0,378.0,766.0,393.0,195.0,98.26666666666667,123.28321885294656,707.6722446359214,-1.0
0--Parade/0_Parade_Parade_0_814.jpg,32,undetected,975.0,425.0,984.0,436.0,99.0,58.85858585858586,123.28321885294656,707.6722446359214,-1.0
0--Parade/0_Parade_Parade_0_814.jpg,6,false_positive,498.0675964355469,376.286865234375,510.73583984375,391.6671447753906,194.84112548828125,98.39444444444445,123.28321885294656,707.6722446359214,0.5006769895553589
0--Parade/0_Parade_Parade_0_470.jpg,10,detected,469.0,330.0,544.0,426.0,7200.0,139.86805555555554,121.25232187906902,487.94956706536567,0.9118036031723022
0--Parade/0_Parade_Parade_0_470.jpg,19,detected,899.0,173.0,960.0,245.0,4392.0,161.50341530054644,121.25232187906902,487.94956706536567,0.90590500831604
0--Parade/0_Parade_Parade_0_470.jpg,6,detected,462.0,146.0,521.0,215.0,4071.0,118.32547285679195,121.25232187906902,487.94956706536567,0.905185341835022
0--Parade/0_Parade_Parade_0_470.jpg,20,detected,931.0,266.0,992.0,343.0,4697.0,152.25335320417287,121.25232187906902,487.94956706536567,0.9050774574279785
0--Parade/0_Parade_Parade_0_470.jpg,12,detected,118.0,471.0,207.0,581.0,9790.0,149.3203268641471,121.25232187906902,487.94956706536567,0.9014760255813599
0--Parade/0_Parade_Parade_0_470.jpg,11,detected,312.0,365.0,396.0,478.0,9492.0,127.99926253687316,121.25232187906902,487.94956706536567,0.9012646675109863
0--Parade/0_Parade_Parade_0_470.jpg,1,detected,36.0,166.0,121.0,270.0,8840.0,117.44343891402715,121.25232187906902,487.94956706536567,0.8934822082519531
0--Parade/0_Parade_Parade_0_470.jpg,9,detected,596.0,243.0,675.0,343.0,7900.0,147.8292405063291,121.25232187906902,487.94956706536567,0.8915418386459351
0--Parade/0_Parade_Parade_0_470.jpg,18,detected,847.0,175.0,899.0,244.0,3588.0,127.3221850613155,121.25232187906902,487.94956706536567,0.8897686004638672
0--Parade/0_Parade_Parade_0_470.jpg,8,detected,621.0,139.0,677.0,215.0,4256.0,74.20676691729324,121.25232187906902,487.94956706536567,0.8847476243972778
0--Parade/0_Parade_Parade_0_470.jpg,17,detected,839.0,226.0,892.0,301.0,3975.0,121.09408805031447,121.25232187906902,487.94956706536567,0.8745748996734619
0--Parade/0_Parade_Parade_0_470.jpg,2,detected,145.0,171.0,224.0,270.0,7821.0,118.05395729446363,121.25232187906902,487.94956706536567,0.8669654726982117
0--Parade/0_Parade_Parade_0_470.jpg,4,detected,325.0,160.0,383.0,239.0,4582.0,91.35814054997817,121.25232187906902,487.94956706536567,0.8587213754653931
0--Parade/0_Parade_Parade_0_470.jpg,16,detected,775.0,225.0,839.0,313.0,5632.0,142.9939630681818,121.25232187906902,487.94956706536567,0.8562583923339844
0--Parade/0_Parade_Parade_0_470.jpg,13,detected,295.0,240.0,361.0,323.0,5478.0,129.05878057685285,121.25232187906902,487.94956706536567,0.8302690982818604
0--Parade/0_Parade_Parade_0_470.jpg,3,detected,223.0,171.0,284.0,258.0,5307.0,116.46843791219145,121.25232187906902,487.94956706536567,0.8283337950706482
0--Parade/0_Parade_Parade_0_470.jpg,15,detected,702.0,220.0,767.0,315.0,6175.0,113.65959514170041,121.25232187906902,487.94956706536567,0.8269096612930298
0--Parade/0_Parade_Parade_0_470.jpg,5,detected,418.0,200.0,482.0,290.0,5760.0,119.03802083333333,121.25232187906902,487.94956706536567,0.8245170712471008
0--Parade/0_Parade_Parade_0_470.jpg,7,detected,532.0,182.0,598.0,275.0,6138.0,78.88318670576736,121.25232187906902,487.94956706536567,0.8227560520172119
0--Parade/0_Parade_Parade_0_470.jpg,0,detected,3.0,152.0,37.0,203.0,1734.0,49.28546712802768,121.25232187906902,487.94956706536567,0.7948746085166931
0--Parade/0_Parade_Parade_0_470.jpg,21,detected,760.0,170.0,780.0,196.0,520.0,103.01153846153846,121.25232187906902,487.94956706536567,0.7312614917755127
0--Parade/0_Parade_Parade_0_470.jpg,24,detected,814.0,177.0,825.0,208.0,341.0,66.29032258064517,121.25232187906902,487.94956706536567,0.5006667971611023
0--Parade/0_Parade_Parade_0_470.jpg,14,undetected,260.0,173.0,301.0,225.0,2132.0,109.76829268292683,121.25232187906902,487.94956706536567,-1.0
0--Parade/0_Parade_Parade_0_470.jpg,22,undetected,993.0,192.0,1002.0,203.0,99.0,35.15151515151515,121.25232187906902,487.94956706536567,-1.0
0--Parade/0_Parade_Parade_0_470.jpg,23,undetected,1008.0,205.0,1011.0,211.0,18.0,76.72222222222223,121.25232187906902,487.94956706536567,-1.0
0--Parade/0_Parade_marchingband_1_1045.jpg,1,detected,90.0,273.0,123.0,306.0,1089.0,139.42240587695133,141.35361627684048,256.57734974093836,0.8412081599235535
0--Parade/0_Parade_marchingband_1_1045.jpg,19,detected,946.0,270.0,985.0,314.0,1716.0,145.22435897435898,141.35361627684048,256.57734974093836,0.8380035161972046
0--Parade/0_Parade_marchingband_1_1045.jpg,2,detected,180.0,314.0,200.0,341.0,540.0,131.07592592592593,141.35361627684048,256.57734974093836,0.8373181223869324
0--Parade/0_Parade_marchingband_1_1045.jpg,14,detected,662.0,272.0,689.0,309.0,999.0,139.23523523523522,141.35361627684048,256.57734974093836,0.8012425899505615
0--Parade/0_Parade_marchingband_1_1045.jpg,15,detected,694.0,256.0,715.0,289.0,693.0,147.14574314574315,141.35361627684048,256.57734974093836,0.7998085021972656
0--Parade/0_Parade_marchingband_1_1045.jpg,8,detected,357.0,296.0,378.0,321.0,525.0,149.35619047619048,141.35361627684048,256.57734974093836,0.7984983921051025
0--Parade/0_Parade_marchingband_1_1045.jpg,9,detected,384.0,299.0,399.0,319.0,300.0,159.53666666666666,141.35361627684048,256.57734974093836,0.7667485475540161
0--Parade/0_Parade_marchingband_1_1045.jpg,11,detected,507.0,308.0,521.0,329.0,294.0,147.64625850340136,141.35361627684048,256.57734974093836,0.7144532203674316
0--Parade/0_Parade_marchingband_1_1045.jpg,13,detected,590.0,257.0,615.0,298.0,1025.0,117.07609756097561,141.35361627684048,256.57734974093836,0.6969939470291138
0--Parade/0_Parade_marchingband_1_1045.jpg,10,detected,440.0,307.0,455.0,326.0,285.0,140.2175438596491,141.35361627684048,256.57734974093836,0.6909054517745972
0--Parade/0_Parade_marchingband_1_1045.jpg,6,detected,287.0,302.0,301.0,327.0,350.0,144.06571428571428,141.35361627684048,256.57734974093836,0.6754092574119568
0--Parade/0_Parade_marchingband_1_1045.jpg,3,detected,151.0,317.0,163.0,335.0,216.0,124.43981481481481,141.35361627684048,256.57734974093836,0.6624850034713745
0--Parade/0_Parade_marchingband_1_1045.jpg,5,detected,204.0,320.0,215.0,341.0,231.0,157.03463203463204,141.35361627684048,256.57734974093836,0.5694361329078674
0--Parade/0_Parade_marchingband_1_1045.jpg,0,detected,1.0,314.0,13.0,338.0,288.0,151.71527777777777,141.35361627684048,256.57734974093836,0.5649173259735107
0--Parade/0_Parade_marchingband_1_1045.jpg,18,detected,791.0,303.0,804.0,317.0,182.0,151.57692307692307,141.35361627684048,256.57734974093836,0.5599462985992432
0--Parade/0_Parade_marchingband_1_1045.jpg,17,detected,778.0,299.0,791.0,313.0,182.0,168.4065934065934,141.35361627684048,256.57734974093836,0.5031161308288574
0--Parade/0_Parade_marchingband_1_1045.jpg,4,undetected,213.0,306.0,225.0,325.0,228.0,138.3859649122807,141.35361627684048,256.57734974093836,-1.0
0--Parade/0_Parade_marchingband_1_1045.jpg,7,undetected,305.0,305.0,318.0,321.0,208.0,126.41826923076923,141.35361627684048,256.57734974093836,-1.0
0--Parade/0_Parade_marchingband_1_1045.jpg,12,undetected,487.0,312.0,496.0,326.0,126.0,143.15079365079364,141.35361627684048,256.57734974093836,-1.0
0--Parade/0_Parade_marchingband_1_1045.jpg,16,undetected,755.0,305.0,771.0,329.0,384.0,130.33072916666666,141.35361627684048,256.57734974093836,-1.0
0--Parade/0_Parade_marchingband_1_1045.jpg,20,undetected,229.0,259.0,238.0,270.0,99.0,87.44444444444444,141.35361627684048,256.57734974093836,-1.0
0--Parade/0_Parade_marchingband_1_556.jpg,7,detected,565.0,298.0,605.0,358.0,2400.0,105.2125,88.32707408720718,179.19825975030605,0.8729221820831299
0--Parade/0_Parade_marchingband_1_556.jpg,9,detected,746.0,237.0,778.0,274.0,1184.0,112.16638513513513,88.32707408720718,179.19825975030605,0.8482456803321838
0--Parade/0_Parade_marchingband_1_556.jpg,10,detected,967.0,255.0,998.0,296.0,1271.0,105.45082612116444,88.32707408720718,179.19825975030605,0.8450340032577515
0--Parade/0_Parade_marchingband_1_556.jpg,6,detected,555.0,254.0,579.0,279.0,600.0,93.41833333333334,88.32707408720718,179.19825975030605,0.8441747426986694
0--Parade/0_Parade_marchingband_1_556.jpg,11,detected,639.0,254.0,668.0,294.0,1160.0,103.89827586206897,88.32707408720718,179.19825975030605,0.8315780162811279
0--Parade/0_Parade_marchingband_1_556.jpg,3,detected,347.0,255.0,376.0,292.0,1073.0,89.8704566635601,88.32707408720718,179.19825975030605,0.8279588222503662
0--Parade/0_Parade_marchingband_1_556.jpg,4,detected,448.0,275.0,471.0,309.0,782.0,57.626598465473144,88.32707408720718,179.19825975030605,0.8176307678222656
0--Parade/0_Parade_marchingband_1_556.jpg,5,detected,495.0,281.0,525.0,320.0,1170.0,100.42393162393162,88.32707408720718,179.19825975030605,0.8138121366500854
0--Parade/0_Parade_marchingband_1_556.jpg,2,detected,280.0,265.0,301.0,292.0,567.0,72.01234567901234,88.32707408720718,179.19825975030605,0.8067585229873657
0--Parade/0_Parade_marchingband_1_556.jpg,1,detected,147.0,287.0,182.0,330.0,1505.0,105.49302325581395,88.32707408720718,179.19825975030605,0.8054280877113342
0--Parade/0_Parade_marchingband_1_556.jpg,0,detected,82.0,262.0,105.0,290.0,644.0,54.02639751552795,88.32707408720718,179.19825975030605,0.7879960536956787
0--Parade/0_Parade_marchingband_1_556.jpg,8,detected,719.0,236.0,742.0,263.0,621.0,63.27697262479871,88.32707408720718,179.19825975030605,0.6089841723442078
0--Parade/0_Parade_marchingband_1_556.jpg,12,undetected,573.0,419.0,625.0,454.0,1820.0,150.54175824175823,88.32707408720718,179.19825975030605,-1.0
0--Parade/0_Parade_Parade_0_829.jpg,0,detected,501.0,160.0,786.0,603.0,126255.0,158.20087917310207,112.09075449290293,148.65570758680715,0.7242912650108337
